PR,URL,Title,Content type,Is rendered page,HTTP status code,Organic traffic,Is indexable page,Hreflang links,Hreflang links codes,Hreflang issues,Hreflang group ID,No. of hreflang inlinks,No. of all inlinks
20,https://estetiacrm.com.br/help/contatos/cadastrar-contatos,Como cadastrar e gerenciar contatos - Central de Ajuda | Estetia CRM,text/html; charset=utf-8,false,200,0,true,"https://estetiacrm.com.br/en/help/contatos/cadastrar-contatos
https://estetiacrm.com.br/help/contatos/cadastrar-contatos
https://estetiacrm.com.br/help/contatos/cadastrar-contatos","308
200
200",Some pages are not returning 200 status code,429421057661287712,0,2
20,https://estetiacrm.com.br/help/pipeline-negocios/personalizar-etapas,Personalizando etapas do pipeline - Central de Ajuda | Estetia CRM,text/html; charset=utf-8,false,200,0,true,"https://estetiacrm.com.br/en/help/pipeline-negocios/personalizar-etapas
https://estetiacrm.com.br/help/pipeline-negocios/personalizar-etapas
https://estetiacrm.com.br/help/pipeline-negocios/personalizar-etapas","308
200
200",Some pages are not returning 200 status code,604390728011386398,0,2
20,https://estetiacrm.com.br/help/pipeline-negocios/multiplos-pipelines,Criando múltiplos pipelines - Central de Ajuda | Estetia CRM,text/html; charset=utf-8,false,200,0,true,"https://estetiacrm.com.br/en/help/pipeline-negocios/multiplos-pipelines
https://estetiacrm.com.br/help/pipeline-negocios/multiplos-pipelines
https://estetiacrm.com.br/help/pipeline-negocios/multiplos-pipelines","308
200
200",Some pages are not returning 200 status code,1758351869844208144,0,2
20,https://estetiacrm.com.br/help/equipe/configurar-notificacoes,Configurando notificações - Central de Ajuda | Estetia CRM,text/html; charset=utf-8,false,200,0,true,"https://estetiacrm.com.br/en/help/equipe/configurar-notificacoes
https://estetiacrm.com.br/help/equipe/configurar-notificacoes
https://estetiacrm.com.br/help/equipe/configurar-notificacoes","308
200
200",Some pages are not returning 200 status code,2076208838489262082,0,2
20,https://estetiacrm.com.br/help/primeiros-passos/troubleshooting,Troubleshooting: problemas comuns e soluções - Central de Ajuda | Estetia CRM,text/html; charset=utf-8,false,200,0,true,"https://estetiacrm.com.br/en/help/primeiros-passos/troubleshooting
https://estetiacrm.com.br/help/primeiros-passos/troubleshooting
https://estetiacrm.com.br/help/primeiros-passos/troubleshooting","308
200
200",Some pages are not returning 200 status code,4233601701768451167,0,2
20,https://estetiacrm.com.br/help/planos/gerenciar-assinatura,Gerenciando assinatura e pagamentos - Central de Ajuda | Estetia CRM,text/html; charset=utf-8,false,200,0,true,"https://estetiacrm.com.br/en/help/planos/gerenciar-assinatura
https://estetiacrm.com.br/help/planos/gerenciar-assinatura
https://estetiacrm.com.br/help/planos/gerenciar-assinatura","308
200
200",Some pages are not returning 200 status code,4908340397003711774,0,2
20,https://estetiacrm.com.br/help/integracoes/integracao-n8n,Integrando com N8N (automação low-code) - Central de Ajuda | Estetia CRM,text/html; charset=utf-8,false,200,0,true,"https://estetiacrm.com.br/en/help/integracoes/integracao-n8n
https://estetiacrm.com.br/help/integracoes/integracao-n8n
https://estetiacrm.com.br/help/integracoes/integracao-n8n","308
200
200",Some pages are not returning 200 status code,5029359823307751785,0,2
20,https://estetiacrm.com.br/help/primeiros-passos/atalhos-teclado,Atalhos de teclado do Estetia CRM - Central de Ajuda | Estetia CRM,text/html; charset=utf-8,false,200,0,true,"https://estetiacrm.com.br/en/help/primeiros-passos/atalhos-teclado
https://estetiacrm.com.br/help/primeiros-passos/atalhos-teclado
https://estetiacrm.com.br/help/primeiros-passos/atalhos-teclado","308
200
200",Some pages are not returning 200 status code,5941905410786038351,0,2
20,https://estetiacrm.com.br/help/equipe/configurar-perfil,Configurando seu perfil e preferências - Central de Ajuda | Estetia CRM,text/html; charset=utf-8,false,200,0,true,"https://estetiacrm.com.br/en/help/equipe/configurar-perfil
https://estetiacrm.com.br/help/equipe/configurar-perfil
https://estetiacrm.com.br/help/equipe/configurar-perfil","308
200
200",Some pages are not returning 200 status code,6550162717520567368,0,2
20,https://estetiacrm.com.br/help/pipeline-negocios/tags-custom-fields,Adicionando tags e custom fields - Central de Ajuda | Estetia CRM,text/html; charset=utf-8,false,200,0,true,"https://estetiacrm.com.br/en/help/pipeline-negocios/tags-custom-fields
https://estetiacrm.com.br/help/pipeline-negocios/tags-custom-fields
https://estetiacrm.com.br/help/pipeline-negocios/tags-custom-fields","308
200
200",Some pages are not returning 200 status code,6748610137059023628,0,2
20,https://estetiacrm.com.br/help/analytics/exportar-dados,Exportando dados para análise - Central de Ajuda | Estetia CRM,text/html; charset=utf-8,false,200,0,true,"https://estetiacrm.com.br/en/help/analytics/exportar-dados
https://estetiacrm.com.br/help/analytics/exportar-dados
https://estetiacrm.com.br/help/analytics/exportar-dados","308
200
200",Some pages are not returning 200 status code,7058268711319616939,0,2
20,https://estetiacrm.com.br/help/contatos/importar-contatos-csv,Importando contatos via CSV - Central de Ajuda | Estetia CRM,text/html; charset=utf-8,false,200,0,true,"https://estetiacrm.com.br/en/help/contatos/importar-contatos-csv
https://estetiacrm.com.br/help/contatos/importar-contatos-csv
https://estetiacrm.com.br/help/contatos/importar-contatos-csv","308
200
200",Some pages are not returning 200 status code,7550496044520539353,0,2
20,https://estetiacrm.com.br/help/analytics/forecasting-vendas,Analytics Avançado: Forecasting de vendas - Central de Ajuda | Estetia CRM,text/html; charset=utf-8,false,200,0,true,"https://estetiacrm.com.br/en/help/analytics/forecasting-vendas
https://estetiacrm.com.br/help/analytics/forecasting-vendas
https://estetiacrm.com.br/help/analytics/forecasting-vendas","308
200
200",Some pages are not returning 200 status code,7838897330594837728,0,2
20,https://estetiacrm.com.br/help/pipeline-negocios/deals-perdidos,Marcando deals como perdidos - Central de Ajuda | Estetia CRM,text/html; charset=utf-8,false,200,0,true,"https://estetiacrm.com.br/en/help/pipeline-negocios/deals-perdidos
https://estetiacrm.com.br/help/pipeline-negocios/deals-perdidos
https://estetiacrm.com.br/help/pipeline-negocios/deals-perdidos","308
200
200",Some pages are not returning 200 status code,8454769201044597455,0,2
20,https://estetiacrm.com.br/help/primeiros-passos/melhores-praticas-vendas,Melhores práticas de gestão de vendas - Central de Ajuda | Estetia CRM,text/html; charset=utf-8,false,200,0,true,"https://estetiacrm.com.br/en/help/primeiros-passos/melhores-praticas-vendas
https://estetiacrm.com.br/help/primeiros-passos/melhores-praticas-vendas
https://estetiacrm.com.br/help/primeiros-passos/melhores-praticas-vendas","308
200
200",Some pages are not returning 200 status code,8759086707819338603,0,2
20,https://estetiacrm.com.br/help/equipe/permissoes-equipe,Gerenciando permissões de equipe - Central de Ajuda | Estetia CRM,text/html; charset=utf-8,false,200,0,true,"https://estetiacrm.com.br/en/help/equipe/permissoes-equipe
https://estetiacrm.com.br/help/equipe/permissoes-equipe
https://estetiacrm.com.br/help/equipe/permissoes-equipe","308
200
200",Some pages are not returning 200 status code,9194925853669888486,0,2
20,https://estetiacrm.com.br/help/integracoes/usando-api,Usando a API do Estetia CRM - Central de Ajuda | Estetia CRM,text/html; charset=utf-8,false,200,0,true,"https://estetiacrm.com.br/en/help/integracoes/usando-api
https://estetiacrm.com.br/help/integracoes/usando-api
https://estetiacrm.com.br/help/integracoes/usando-api","308
200
200",Some pages are not returning 200 status code,9250975815986077499,0,2
20,https://estetiacrm.com.br/help/analytics/analytics-basico,Entendendo o Analytics básico - Central de Ajuda | Estetia CRM,text/html; charset=utf-8,false,200,0,true,"https://estetiacrm.com.br/en/help/analytics/analytics-basico
https://estetiacrm.com.br/help/analytics/analytics-basico
https://estetiacrm.com.br/help/analytics/analytics-basico","308
200
200",Some pages are not returning 200 status code,11087047172092242482,0,2
20,https://estetiacrm.com.br/help/pipeline-negocios/entendendo-pipeline-kanban,Entendendo o Pipeline Kanban - Central de Ajuda | Estetia CRM,text/html; charset=utf-8,false,200,0,true,"https://estetiacrm.com.br/en/help/pipeline-negocios/entendendo-pipeline-kanban
https://estetiacrm.com.br/help/pipeline-negocios/entendendo-pipeline-kanban
https://estetiacrm.com.br/help/pipeline-negocios/entendendo-pipeline-kanban","308
200
200",Some pages are not returning 200 status code,12747881739047918996,0,2
20,https://estetiacrm.com.br/help/automacoes/automacoes-email,Configurando automações de email - Central de Ajuda | Estetia CRM,text/html; charset=utf-8,false,200,0,true,"https://estetiacrm.com.br/en/help/automacoes/automacoes-email
https://estetiacrm.com.br/help/automacoes/automacoes-email
https://estetiacrm.com.br/help/automacoes/automacoes-email","308
200
200",Some pages are not returning 200 status code,12944893988958238451,0,2
20,https://estetiacrm.com.br/help/integracoes/google-calendar,Sincronizando com Google Calendar - Central de Ajuda | Estetia CRM,text/html; charset=utf-8,false,200,0,true,"https://estetiacrm.com.br/en/help/integracoes/google-calendar
https://estetiacrm.com.br/help/integracoes/google-calendar
https://estetiacrm.com.br/help/integracoes/google-calendar","308
200
200",Some pages are not returning 200 status code,13752067171010546223,0,2
20,https://estetiacrm.com.br/help/integracoes/integracao-whatsapp,Integração com WhatsApp - Central de Ajuda | Estetia CRM,text/html; charset=utf-8,false,200,0,true,"https://estetiacrm.com.br/en/help/integracoes/integracao-whatsapp
https://estetiacrm.com.br/help/integracoes/integracao-whatsapp
https://estetiacrm.com.br/help/integracoes/integracao-whatsapp","308
200
200",Some pages are not returning 200 status code,14849412155186489749,0,2
20,https://estetiacrm.com.br/help/primeiros-passos/criar-primeiro-negocio,Como criar seu primeiro negócio - Central de Ajuda | Estetia CRM,text/html; charset=utf-8,false,200,0,true,"https://estetiacrm.com.br/en/help/primeiros-passos/criar-primeiro-negocio
https://estetiacrm.com.br/help/primeiros-passos/criar-primeiro-negocio
https://estetiacrm.com.br/help/primeiros-passos/criar-primeiro-negocio","308
200
200",Some pages are not returning 200 status code,15411931864271357125,0,2
20,https://estetiacrm.com.br/help/pipeline-negocios/filtros-busca,Usando filtros e busca avançada - Central de Ajuda | Estetia CRM,text/html; charset=utf-8,false,200,0,true,"https://estetiacrm.com.br/en/help/pipeline-negocios/filtros-busca
https://estetiacrm.com.br/help/pipeline-negocios/filtros-busca
https://estetiacrm.com.br/help/pipeline-negocios/filtros-busca","308
200
200",Some pages are not returning 200 status code,16235445239105041500,0,2
