Top consultas,Cliques,Impressões,CTR,Posição
sistema para dermatologia,0,26,0%,43
sistema para dermatologista,0,20,0%,38.7
software para dermatologia,0,10,0%,52.8
redução de no-shows em clínicas,0,8,0%,67.75
estetia,0,3,0%,7.67
prontuario dermatologia,0,3,0%,18.67
prontuário para dermatologistas,0,2,0%,27
evitar no-show de pacientes,0,2,0%,67.5
reduzir no-show,0,2,0%,80.5
"""dra. ana beatriz"" -site:reddit.com -site:twitter.com -site:x.com 
-site:wykop.pl -site:tripadvisor.com -site:youtube.com -site:yelp.com 
-site:booking.com -site:facebook.com -site:instagram.com -site:tiktok.com",0,1,0%,4
"""medidata"" -site:reddit.com -site:twitter.com -site:x.com -site:wykop.pl 
-site:tripadvisor.com -site:youtube.com -site:yelp.com -site:booking.com 
-site:facebook.com -site:instagram.com -site:tiktok.com",0,1,0%,4
software para dermatologista,0,1,0%,23
estética com métricas de negócio,0,1,0%,26
anamnese digital,0,1,0%,75