Páginas principais,Cliques,Impressões,CTR,Posição
https://estetiacrm.com.br/,1,10,10%,6
https://estetiacrm.com.br/solucoes/dermatologia,0,62,0%,44.45
https://estetiacrm.com.br/blog/lgpd-para-clinicas-de-estetica-guia-2026,0,52,0%,7.23
https://estetiacrm.com.br/blog/como-reduzir-no-show-em-clinicas-de-estetica,0,36,0%,29.81
https://estetiacrm.com.br/blog/kpis-essenciais-clinica-de-estetica,0,31,0%,5.26
https://estetiacrm.com.br/blog/spin-selling-para-clinicas-de-estetica,0,13,0%,7.38
https://estetiacrm.com.br/blog/software-gestao-dermatologia-guia,0,9,0%,23.11
https://estetiacrm.com.br/en/privacy,0,7,0%,4.86
https://estetiacrm.com.br/pricing,0,7,0%,5
https://estetiacrm.com.br/help/pipeline-negocios/entendendo-pipeline-kanban,0,6,0%,6.33
https://estetiacrm.com.br/precos,0,5,0%,5.4
https://estetiacrm.com.br/download,0,4,0%,4.25
https://estetiacrm.com.br/en/changelog,0,4,0%,4.5
https://estetiacrm.com.br/en,0,4,0%,4.75
https://estetiacrm.com.br/en/features/anamnese-digital,0,3,0%,6.33
https://estetiacrm.com.br/blog/prontuario-eletronico-clinica-estetica,0,3,0%,9.33
https://estetiacrm.com.br/features/anamnese-digital,0,3,0%,31.67
https://estetiacrm.com.br/en/download,0,2,0%,7.5
https://estetiacrm.com.br/vs/morelo,0,2,0%,7.5
https://estetiacrm.com.br/blog/depilacao-laser-pacotes-recorrencia,0,2,0%,8
https://estetiacrm.com.br/blog/harmonizacao-facial-precificacao-avaliacao,0,2,0%,9
https://estetiacrm.com.br/blog/anamnese-digital-clinica-de-estetica,0,2,0%,13.5
https://estetiacrm.com.br/vs/medidata,0,1,0%,4
https://estetiacrm.com.br/blog/quanto-custa-crm-clinica-estetica,0,1,0%,5
https://estetiacrm.com.br/privacy,0,1,0%,5
https://estetiacrm.com.br/changelog,0,1,0%,6
https://estetiacrm.com.br/help/planos/gerenciar-assinatura,0,1,0%,14
https://estetiacrm.com.br/help/integracoes/usando-api,0,1,0%,15